season,season_id,division,App,GS,W,L,SV,CG,SHO,IP,H,R,ER,2B,3B,HR,BB,IBB,SO,HBP,Bk,WP,BF,P-OAB,IR,IRS,SHA,SFA,GO,FO,KL,pickoffs,W-L%,ERA,FIP_const,WHIP,H9,HR9,BB9,SO9,SO/BB,RA9
2023,16340,1.0,37545,9818.0,5027,4640,1930,172.0,64,84298.33333333333,89518,61158,53202,17332,1974,10604,41936,820,81085,11521,865,9060,390182,328834,19591,8122,3773,3994,77016,82417,22636,1113.0,0.5200165511534085,5.680041123786552,3.1042132110164298,1.5593902607801657,9.557270804088652,1.1321220269281718,4.477241542932838,8.656932719112676,1.9335415871804655,6.529452935012555
2023,16340,2.0,22454,6780.0,3408,3223,1054,479.0,123,54353.333333333336,62625,43462,36473,11759,1428,5699,27340,411,46819,8144,684,6737,258398,217055,6796,3103,2859,2894,51015,56051,13425,833.0,0.5139496305232997,6.039316815895989,3.579118116030909,1.6551882742548754,10.369649208880166,0.9436587759107076,4.527045259413713,7.752440819330307,1.7124725676664228,7.196577946768061
2023,16340,3.0,18677,5924.0,2891,2733,812,416.0,108,47302.333333333336,55564,37764,31011,10347,1501,3467,23149,428,38838,7343,766,5582,226146,190336,1749,800,2543,2716,45408,49530,12002,942.0,0.5140469416785206,5.90032204190068,3.8346945534751624,1.6640405335888997,10.571909771892859,0.6596503343739208,4.404455030407238,7.3895297624500556,1.6777398591731825,7.185184663194909
